﻿{"ous":[{"Properties":{"highvalue":false,"name":"DOMAIN CONTROLLERS@BLACKFIELD.LOCAL","domain":"BLACKFIELD.LOCAL","objectid":"0339C869-D22E-445F-AC1B-0E773AEB5233","distinguishedname":"OU=Domain Controllers,DC=BLACKFIELD,DC=local","description":"Default container for domain controllers","blocksinheritance":false},"Links":[{"IsEnforced":false,"Guid":"E0A58FA9-4129-4D0D-9DFC-FCC18F5AC9C6"}],"ACLProtected":false,"Users":[],"Computers":["S-1-5-21-4194615774-2175524697-3563712290-1000"],"ChildOus":[],"RemoteDesktopUsers":[],"LocalAdmins":[],"DcomUsers":[],"PSRemoteUsers":[],"ObjectIdentifier":"0339C869-D22E-445F-AC1B-0E773AEB5233","Aces":[{"PrincipalSID":"S-1-5-21-4194615774-2175524697-3563712290-512","PrincipalType":"Group","RightName":"Owner","AceType":"","IsInherited":false},{"PrincipalSID":"S-1-5-21-4194615774-2175524697-3563712290-512","PrincipalType":"Group","RightName":"WriteDacl","AceType":"","IsInherited":false},{"PrincipalSID":"S-1-5-21-4194615774-2175524697-3563712290-512","PrincipalType":"Group","RightName":"WriteOwner","AceType":"","IsInherited":false},{"PrincipalSID":"S-1-5-21-4194615774-2175524697-3563712290-519","PrincipalType":"Group","RightName":"GenericAll","AceType":"","IsInherited":true},{"PrincipalSID":"BLACKFIELD.LOCAL-S-1-5-32-544","PrincipalType":"Group","RightName":"WriteDacl","AceType":"","IsInherited":true},{"PrincipalSID":"BLACKFIELD.LOCAL-S-1-5-32-544","PrincipalType":"Group","RightName":"WriteOwner","AceType":"","IsInherited":true}]}],"meta":{"count":1,"type":"ous","version":3}}